customer_id,total_orders,lifetime_value,avg_rating,avg_sentiment_score,last_order_date,return_rate,source_user_id,signup_date,region,age_group,acquisition_channel,return_rate_pct,customer_segment
C_0819224,81,2108.84,3.57,0.574,2022-10-20,0.012345679012345678,AFXF3EGQTQDXMRLDWFU7UBFQZB7Q,2021-05-18,West,25-34,Paid Search,1.23,Loyal Promoter
C_1664626,62,1229.25,4.19,0.774,2021-09-28,0.04838709677419355,AF2BLE54TEMGZ546U763ZHZRXC4A,2020-07-21,East,45-54,Referral,4.84,Loyal Promoter
C_5614564,46,1180.94,4.26,0.81,2022-09-14,0.043478260869565216,AHV6QCNBJNSGLATP56JAWJ3C4G2A,2021-10-17,Central,18-24,Organic,4.35,Loyal Promoter
C_9186539,37,894.43,5.0,1.0,2021-03-17,0.0,AFQQQ5LGNSQUEBGDCYBAZZE5T3DA,2020-02-10,Central,25-34,Organic,0.0,Loyal Promoter
C_4478548,23,630.44,4.83,0.989,2022-01-02,0.0,AFTLUVGQWKW6XSQ5TB6UER5Q263A,2021-03-04,West,35-44,Social,0.0,Neutral / Nurture
C_9404452,23,538.54,4.57,0.88,2022-11-18,0.043478260869565216,AFJBKPK5W56XWSNPQU2WW66ISWYQ,2022-02-24,East,35-44,Social,4.35,Neutral / Nurture
C_9866466,24,525.87,3.71,0.479,2022-11-23,0.08333333333333333,AF453YWNMOPDI5XRRVQOIF56NM4Q,2020-12-18,East,45-54,Paid Search,8.33,Neutral / Nurture
C_7240324,24,492.37,4.54,0.896,2023-03-11,0.041666666666666664,AGAM2CCKV52HI4YZU7ASZTSXA7YQ,2021-08-09,Central,35-44,Paid Search,4.17,Neutral / Nurture
C_8028024,17,436.82,4.88,0.985,2022-11-04,0.0,AFHPJTBQYQHQXIFBAODXDAIGCGMQ,2022-02-25,North,35-44,Referral,0.0,Neutral / Nurture
C_4294474,16,389.61,4.25,0.75,2021-07-21,0.0,AGD25H7BIT2JUXSIOPYCYB23J3ZQ,2019-11-26,East,18-24,Organic,0.0,Neutral / Nurture
C_8120791,15,362.86,4.47,0.75,2021-07-27,0.0,AFSKPY37N3C43SOI5IEXEK5JSIYA,2019-09-03,North,35-44,Paid Search,0.0,Neutral / Nurture
C_9827133,10,353.97,3.6,0.5,2021-08-10,0.0,AHPOHKN4PU4W3V5PGFL7AGTAD2AA,2019-12-10,Central,35-44,Email,0.0,Neutral / Nurture
C_6110118,18,351.31,5.0,1.0,2021-09-05,0.0,AGZZXSMMS4WRHHJRBUJZI4FZDHKQ,2020-08-30,East,35-44,Social,0.0,Neutral / Nurture
C_4063763,2,348.95,3.0,0.0,2020-10-06,0.0,AFUHQI57RBU4SVZEM55LB2FHAPWQ,2019-03-14,West,25-34,Referral,0.0,Neutral / Nurture
C_6982063,13,331.31,4.77,1.0,2022-02-22,0.0,AEXGISIVX7WBUNI7UHHERVB3DF7Q,2021-12-12,North,55+,Social,0.0,Neutral / Nurture
C_2295700,13,307.79,4.38,0.731,2021-07-09,0.0,AFWVN52MRBWOTIK7UGXBWGOY4HBA,2021-04-14,North,35-44,Organic,0.0,Neutral / Nurture
C_0751413,5,252.04,4.0,0.7,2022-05-30,0.2,AFTEMMCIMU62ONZHLLXEXSME4Z6Q,2021-11-16,West,18-24,Paid Search,20.0,Neutral / Nurture
C_6020047,9,246.38,4.67,0.917,2021-12-20,0.0,AE3X7PNUWXQU6FZQLQGIA6ZT45QA,2021-06-25,North,35-44,Referral,0.0,Neutral / Nurture
C_8111804,8,222.22,2.38,-0.156,2023-02-15,0.0,AFGDRVPCP742YM5MMLFIKZCGNNRQ,2022-10-05,East,25-34,Paid Search,0.0,Neutral / Nurture
C_3975023,3,195.75,4.33,0.917,2021-06-22,0.3333333333333333,AFJ4YAHXPKZQSEJTCCJ5Z4KPYZKA,2019-08-15,West,25-34,Paid Search,33.33,Return-Risk Customer
C_2969905,7,185.52,4.14,0.929,2016-10-11,0.0,AGDFLGBDHOLOASHN4K6ICKMAWEOA,2016-02-10,East,25-34,Organic,0.0,Neutral / Nurture
C_0340089,8,162.78,5.0,1.0,2020-11-28,0.0,AFV22L7AEKI2LW6HMLRLUKNYVBGQ,2019-02-04,East,45-54,Social,0.0,Neutral / Nurture
C_6560242,9,161.54,4.22,0.722,2022-02-05,0.3333333333333333,AGVXN42IKSKKBNVFGKCMKIZEBNSQ,2021-01-28,Central,45-54,Referral,33.33,Return-Risk Customer
C_4616486,8,146.93,3.62,0.469,2022-11-21,0.0,AGMZO7NPGHYPLCOCLMQEDGKNCHVA,2022-07-30,Central,18-24,Referral,0.0,Neutral / Nurture
C_1783644,3,145.28,4.67,0.667,2020-06-27,0.0,AFULZJNHK6KFYTA5PJPBNSRIR4HA,2019-10-26,Central,35-44,Organic,0.0,Neutral / Nurture
C_0796126,3,141.51,4.67,0.833,2021-04-15,0.3333333333333333,AFA26DYXVLJYTYZ3KET77GE27N2A,2020-06-18,North,18-24,Organic,33.33,Return-Risk Customer
C_6938192,4,140.83,3.0,0.0,2022-07-18,0.25,AGS47C3SO62X375JL7RWNBKCFXXA,2020-10-30,Central,55+,Social,25.0,Neutral / Nurture
C_4051974,5,140.31,4.8,0.95,2020-07-14,0.2,AGZMKHWSCB3UXDGFUPFRZSL4EAWQ,2019-10-19,South,35-44,Paid Search,20.0,Neutral / Nurture
C_8220233,1,136.89,1.0,-1.0,2022-08-17,0.0,AHGCCTL7DBBD7FK4RFYAJS53BGOA,2020-09-11,South,35-44,Email,0.0,New At-Risk Customer
C_8280746,5,129.32,3.6,0.5,2021-12-31,0.0,AHATA6X6MYTC3VNBFJ3WIYVK257A,2021-10-23,West,25-34,Referral,0.0,Neutral / Nurture
C_2395285,3,119.19,3.67,0.333,2021-08-17,0.0,AH4CGRSYSW5CWLRGQYRZKNJBUPAA,2020-11-18,South,55+,Referral,0.0,Neutral / Nurture
C_4427652,3,118.84,4.0,0.5,2021-07-26,0.0,AF3Q2MGLBSXB3QSTZJCTDM4V4CMQ,2019-11-06,South,55+,Paid Search,0.0,Neutral / Nurture
C_8553366,4,114.38,2.25,-0.062,2022-04-06,0.0,AFUSWNVA72MMWHGYWJ652SYX2JJQ,2021-10-25,West,55+,Paid Search,0.0,Neutral / Nurture
C_9254820,3,113.48,4.33,1.0,2020-04-13,0.3333333333333333,AGLQQCIS5V6EGUCS5SSNHWZHQM6Q,2018-12-22,North,18-24,Paid Search,33.33,Return-Risk Customer
C_0084712,3,111.09,4.33,0.833,2021-02-09,0.0,AEEDFUQ7SXVEZ4VBHTED5D6MZ7QA,2020-12-25,Central,18-24,Email,0.0,Neutral / Nurture
C_3895459,3,109.38,4.33,0.75,2022-06-03,0.3333333333333333,AHVOQ4CBGSXUQKOR2A3BPCV53YMA,2022-04-12,North,25-34,Social,33.33,Return-Risk Customer
C_7076793,1,105.36,5.0,1.0,2021-02-24,0.0,AEYK5YGOKGJJ6QYYWDV32ST23Q7A,2019-12-20,South,25-34,Referral,0.0,Neutral / Nurture
C_3539852,1,94.78,5.0,1.0,2020-06-23,0.0,AEI2KJ3JMMUJ4NIVIV64ST4TLMKQ,2018-08-26,South,25-34,Social,0.0,Neutral / Nurture
C_7331519,2,94.6,4.0,0.5,2022-06-12,0.0,AHYHK7JKOZ7F7TUDXUWSONLITJJQ,2021-10-17,South,35-44,Organic,0.0,Neutral / Nurture
C_8549778,2,94.49,5.0,1.0,2018-04-09,0.0,AF36B77ISO4OHA5GUTF46F4BJRMQ,2016-07-29,East,35-44,Referral,0.0,Neutral / Nurture
C_6312053,6,93.73,3.0,0.0,2021-12-01,0.5,AFFCQNWCHXTY7BANIWXLP5C2BKPA,2021-01-23,West,25-34,Organic,50.0,Return-Risk Customer
C_5658525,1,93.72,5.0,1.0,2018-10-18,0.0,AFMHO73ZLBHUMB36EHB4GUFLM3SA,2017-07-29,North,35-44,Email,0.0,Neutral / Nurture
C_0260310,2,92.64,5.0,1.0,2019-12-25,0.0,AEYGPUCRKH7G4VM22FM3VAKSQ23Q,2019-07-05,North,55+,Organic,0.0,Neutral / Nurture
C_1353446,1,91.17,5.0,1.0,2017-03-14,0.0,AEPQSFDPLHZQ6Y5XB7IUBW4DY5YA,2016-09-23,East,25-34,Organic,0.0,Neutral / Nurture
C_4233690,3,88.26,4.33,0.667,2019-06-08,0.0,AH4O5W3EM4CKQGHMBVTSPCJRYF7Q,2018-08-04,East,35-44,Social,0.0,Neutral / Nurture
C_7698388,4,85.6,4.75,1.0,2017-07-29,0.0,AFWRGOGF4AI2IHRX7KZ2IYL63RXA,2016-01-27,South,35-44,Organic,0.0,Neutral / Nurture
C_6259726,4,85.01,3.5,0.25,2023-02-08,0.0,AFZUK3MTBIBEDQOPAK3OATUOUKLA,2022-10-05,North,35-44,Organic,0.0,Neutral / Nurture
C_1859714,2,84.99,4.5,0.875,2020-05-05,0.0,AGKHLEW2SOWHNMFQIJGBECAF7INQ,2018-06-21,North,18-24,Organic,0.0,Neutral / Nurture
C_8648202,1,82.29,5.0,1.0,2017-02-13,0.0,AGTR4A6CYH6AGEIYCAPYPQZERZLQ,2016-02-23,East,35-44,Social,0.0,Neutral / Nurture
C_2103668,3,81.27,4.67,1.0,2021-05-23,0.0,AEIPJBAN7A55Q5DFFPZSR2UV3OKA,2020-11-21,Central,55+,Social,0.0,Neutral / Nurture
C_8640375,2,80.35,3.0,0.0,2021-04-22,0.0,AETGCWXC47MSMK6B2TLZ44KCFJZQ,2020-02-02,Central,55+,Email,0.0,Neutral / Nurture
C_9692916,3,80.28,4.67,0.833,2021-04-08,0.0,AFXMJCVLRCGRAEC7P37FZHEB24UQ,2019-11-19,West,25-34,Paid Search,0.0,Neutral / Nurture
C_0341578,2,79.87,5.0,1.0,2020-11-15,0.0,AH6U3RG4SKWXF4KNH3RC6VD5P4QQ,2020-02-05,East,25-34,Paid Search,0.0,Neutral / Nurture
C_8473799,1,79.39,4.0,0.75,2021-06-12,0.0,AEVLPO2NHUQOLLCLFH75UHGJPMLA,2019-12-31,South,25-34,Organic,0.0,Neutral / Nurture
C_8227749,2,79.12,5.0,1.0,2014-03-30,0.0,AGPOZ62Q3ULTH7RLBK4BIJ75T2KQ,2014-01-07,East,55+,Organic,0.0,Neutral / Nurture
C_5442208,3,78.84,3.0,0.083,2020-03-21,0.0,AHGAOIZVODNHYMNCBV4DECZH42UQ,2019-04-12,South,18-24,Referral,0.0,Neutral / Nurture
C_1448064,2,77.89,5.0,1.0,2016-09-08,0.0,AFICQHAE6YOEIGE5TYZG5TN7OTRQ,2015-01-07,West,35-44,Social,0.0,Neutral / Nurture
C_6896352,2,76.03,5.0,1.0,2020-08-17,0.0,AFH37SUSDVJI6GWNF2YSSGAPUB7A,2020-06-01,North,35-44,Referral,0.0,Neutral / Nurture
C_0312767,1,74.7,5.0,1.0,2021-03-11,0.0,AFDERNB6BIR3U2DOR3S2KX7KJJXQ,2019-10-15,South,45-54,Organic,0.0,Neutral / Nurture
C_7627889,2,74.52,5.0,1.0,2017-01-13,0.0,AH57UQ3IE2TH2COG2LKAIHVE6OKQ,2016-10-20,South,18-24,Paid Search,0.0,Neutral / Nurture
C_5808175,1,74.3,5.0,1.0,2018-06-25,0.0,AERUWTJE5HQMM5BOWAHH5E6HFKEA,2016-10-27,North,35-44,Paid Search,0.0,Neutral / Nurture
C_4482222,1,74.26,2.0,-0.25,2019-06-09,1.0,AEIN65QSZZQ7LR3MSPIYAIES6GNQ,2017-11-06,West,35-44,Email,100.0,New At-Risk Customer
C_1682215,3,73.89,3.33,0.167,2022-08-08,0.0,AFMDE2DGQYBYM4XPLOW74YUUCJWQ,2021-09-14,West,35-44,Organic,0.0,Neutral / Nurture
C_1559657,1,73.38,5.0,1.0,2022-07-03,0.0,AEEM2QIBMUUXEAJIEQH2WT2KNZZA,2022-02-18,East,45-54,Email,0.0,Neutral / Nurture
C_0865416,2,73.35,5.0,1.0,2020-06-26,0.0,AET24VX4XLW3GZ2XNFXZNPTE2AVA,2019-11-15,South,25-34,Organic,0.0,Neutral / Nurture
C_5192329,5,72.73,4.4,1.0,2021-08-29,0.0,AE7YYSYFEWAYIUCAK4W33CHPP4JQ,2021-01-02,North,18-24,Email,0.0,Neutral / Nurture
C_2814873,1,70.43,5.0,1.0,2016-09-09,0.0,AFIS3XBH5KRSGHGJUFRTYBTFGEEQ,2014-09-26,North,25-34,Email,0.0,Neutral / Nurture
C_1804124,1,69.9,1.0,-0.75,2022-04-10,0.0,AFETVW7S5M4LVJ7GTWPCKT7S3YBQ,2020-12-01,East,25-34,Email,0.0,New At-Risk Customer
C_5909248,3,67.42,5.0,1.0,2021-08-28,0.0,AEP4CUO23WOOOEYSJBXWYLLHD5IQ,2021-04-11,East,35-44,Paid Search,0.0,Neutral / Nurture
C_5790233,1,64.89,3.0,0.5,2020-01-09,0.0,AEDTXOC3YW6O7P2UPM22VNNRF77A,2019-09-02,South,18-24,Organic,0.0,Neutral / Nurture
C_2128699,2,64.58,5.0,1.0,2015-01-01,0.0,AGQFGXUGFSZHNRQGP7J24RVSLZSA,2013-11-24,North,55+,Paid Search,0.0,Neutral / Nurture
C_7535954,2,64.56,5.0,1.0,2020-02-23,0.0,AGTV3IO25IJNDMEPGK2IBM6WZ7MQ,2018-09-08,West,18-24,Paid Search,0.0,Neutral / Nurture
C_9742288,1,63.87,5.0,1.0,2022-01-05,0.0,AE54OXZJ3A4QXJLDRE37JABF4WAQ,2021-09-23,North,35-44,Paid Search,0.0,Neutral / Nurture
C_9079833,1,63.76,3.0,0.0,2021-12-04,0.0,AGROPS2VIN3R7UUTWO2F662NSNMQ,2021-06-19,North,25-34,Email,0.0,Neutral / Nurture
C_0374708,3,62.9,5.0,1.0,2021-05-02,0.0,AF4WLLHTQLRPEZ33OJDYG23MFLKQ,2020-01-11,South,45-54,Organic,0.0,Neutral / Nurture
C_6496828,3,62.65,2.33,-0.333,2020-01-25,0.0,AG4COLOHCLHWUUYWCZ77TPJLE3EQ,2018-06-16,East,25-34,Paid Search,0.0,Neutral / Nurture
C_0650259,2,61.21,1.0,-1.0,2018-10-10,0.0,AFOSMON6MEJJHCNC2QAHGQQOFKUA,2016-11-21,East,25-34,Organic,0.0,Neutral / Nurture
C_8972341,1,61.18,2.0,0.25,2007-12-17,0.0,AGTMZCWIWBH43TCW7UKG2YV2EKKA,2007-09-23,Central,25-34,Social,0.0,Neutral / Nurture
C_8958009,3,61.09,4.67,0.833,2023-01-05,0.0,AGAHANLSS7DG4ZHNPP5S56W4SKHA,2021-07-26,Central,35-44,Social,0.0,Neutral / Nurture
C_5912063,1,60.99,5.0,1.0,2016-04-24,0.0,AHMO6GV56HC3LYCVNNAPFNWF4HFQ,2015-03-25,North,45-54,Organic,0.0,Neutral / Nurture
C_0929452,2,59.71,5.0,1.0,2020-01-04,0.0,AGQKBA5POXDOUO4U43YF2LNEZPLA,2019-02-10,Central,35-44,Organic,0.0,Neutral / Nurture
C_8327734,1,59.41,1.0,-1.0,2021-12-27,1.0,AHL5UAIYCGYOTCHEY6HJKOMJTF6A,2020-04-25,Central,18-24,Email,100.0,New At-Risk Customer
C_3124142,3,57.86,5.0,1.0,2020-01-01,0.0,AG6K7GPCDHQNKMVDMTYKKWSOAVVQ,2018-03-08,Central,25-34,Organic,0.0,Neutral / Nurture
C_2136781,3,57.74,2.67,-0.083,2021-09-13,0.0,AF6FP5XNZKQFS7NB5WG5AAUZXATA,2019-11-20,North,45-54,Social,0.0,Neutral / Nurture
C_7476582,2,57.68,5.0,1.0,2021-12-30,0.0,AHSAUHUTLVNKJ72GUIPGI5XZH6ZA,2021-07-01,Central,18-24,Organic,0.0,Neutral / Nurture
C_4451468,1,55.29,2.0,-0.5,2017-02-19,0.0,AGSV4K43Q6TIIHGN6BB2Q5A2I5PA,2016-04-12,East,45-54,Organic,0.0,New At-Risk Customer
C_0371787,1,54.29,5.0,1.0,2016-03-25,0.0,AHKLYY7DZ4RECGZXP6KUALGUFRJA,2015-11-30,Central,18-24,Paid Search,0.0,Neutral / Nurture
C_5639290,1,54.24,1.0,-1.0,2019-12-18,0.0,AET7USDGJ7EL5YUJU55S32IFRZDQ,2018-05-16,South,25-34,Email,0.0,New At-Risk Customer
C_8999292,2,53.91,5.0,1.0,2017-08-31,0.5,AHRGTIMQO47C2VLJILIDU53BQKSA,2016-02-04,Central,45-54,Paid Search,50.0,Return-Risk Customer
C_1936410,1,53.8,4.0,0.25,2021-04-21,0.0,AF224BZVIYKHVGJGPKGC3UAVTLQQ,2020-08-16,West,18-24,Social,0.0,Neutral / Nurture
C_5191471,1,52.41,3.0,0.0,2021-03-20,0.0,AF4WXU322AWYRJ5S7HE6CEBQMEFQ,2019-09-17,West,25-34,Organic,0.0,Neutral / Nurture
C_1260601,3,52.4,4.33,0.667,2017-07-28,0.0,AFBXVB2GIANS2DHWDK3HXISL2WEA,2016-08-01,East,18-24,Paid Search,0.0,Neutral / Nurture
C_2523315,1,52.13,5.0,1.0,2021-07-19,0.0,AFFO2TXPGQVHVTIMFRGT5YZ7M4OA,2019-12-17,Central,55+,Organic,0.0,Neutral / Nurture
C_2536213,2,51.92,4.0,0.75,2019-04-02,0.0,AHPFHP43AXWRYZZ4HPNCW7I7J3ZQ,2018-02-14,East,45-54,Organic,0.0,Neutral / Nurture
C_9894460,2,51.74,5.0,1.0,2019-06-24,0.0,AFD6OGB6AY4YPKN62LCTXGYR7KJA,2019-03-11,South,55+,Social,0.0,Neutral / Nurture
C_3015153,1,51.71,5.0,1.0,2017-08-12,1.0,AGDR3CBX2GWY3JKGDLMUERVFWPTQ,2016-06-22,North,25-34,Social,100.0,Return-Risk Customer
C_0653863,1,51.56,1.0,-1.0,2014-09-27,0.0,AEC4USL3AGDC4UZXCGL6AYRUCBBQ,2013-11-11,East,35-44,Paid Search,0.0,New At-Risk Customer
C_1696777,3,50.58,5.0,1.0,2021-04-19,0.0,AGZZ35KI6RBFZYHG4TZPOAIACVMA,2019-12-06,Central,25-34,Social,0.0,Neutral / Nurture
C_1218381,1,49.0,5.0,1.0,2020-07-23,0.0,AGF6JAXKV7UV6MREBJ5FGHLAQ65Q,2019-09-01,South,18-24,Email,0.0,Neutral / Nurture
C_6726205,2,47.94,4.5,0.875,2019-07-08,0.0,AH7P2ZJ7NDT2NNVS7ZEGNEPT2J2Q,2018-01-06,East,35-44,Organic,0.0,Neutral / Nurture
C_2292516,1,46.95,5.0,1.0,2021-10-02,0.0,AGLHRXHXPXK6M7LUU4NZXE3GQFMA,2020-02-05,North,25-34,Organic,0.0,Neutral / Nurture
C_6660040,3,46.76,2.67,-0.25,2021-12-02,0.3333333333333333,AG7WKTZINOFIXMZJYIPKIB7PV7NQ,2020-03-17,East,25-34,Social,33.33,Return-Risk Customer
C_9248463,1,46.53,2.0,-0.5,2017-10-27,0.0,AFYD3C45KSVRKLLKA5S76U33FM2Q,2017-04-23,North,25-34,Organic,0.0,New At-Risk Customer
C_1492945,1,46.2,1.0,-1.0,2021-02-09,0.0,AGBZYPQKIUZGWHXOZZFAMVEQZ5JQ,2020-11-13,North,35-44,Organic,0.0,New At-Risk Customer
C_7317955,1,45.82,5.0,1.0,2020-11-17,0.0,AFJP74KDEKRSPJN5JINL452T6WNA,2019-08-15,East,55+,Organic,0.0,Neutral / Nurture
C_0555838,1,45.82,4.0,1.0,2015-12-23,0.0,AFAD64BC3SGKIFKIVBS4HOVWTDXQ,2014-12-30,East,35-44,Social,0.0,Neutral / Nurture
C_2584831,2,45.49,5.0,1.0,2017-01-27,0.0,AH2SK57JTJATVPUL34OIS44AQARA,2015-03-24,North,25-34,Social,0.0,Neutral / Nurture
C_8787430,2,44.98,2.5,-0.125,2022-04-02,0.0,AF62EAAIQCFJ6FDZ2L4W5LEAKUIA,2020-10-09,North,35-44,Paid Search,0.0,Neutral / Nurture
C_7109642,1,44.71,1.0,-1.0,2019-03-09,0.0,AFJVYJ75233DFO3FZYXTELUZLUGA,2018-11-24,North,18-24,Organic,0.0,New At-Risk Customer
C_4021795,1,44.04,5.0,1.0,2015-08-09,0.0,AFCSIDWSKICZ5UH26NREKPW25X4A,2014-05-15,Central,35-44,Referral,0.0,Neutral / Nurture
C_5704070,1,43.54,2.0,-0.5,2018-02-02,0.0,AE2ODKIC3GWQTSYKDMMIYHPJZ7IA,2017-03-22,West,45-54,Social,0.0,New At-Risk Customer
C_6269642,1,43.47,5.0,1.0,2021-03-30,0.0,AEXEZ3PIBH37ILP6K6ZIGAZZJ7CA,2020-08-29,Central,45-54,Social,0.0,Neutral / Nurture
C_3541010,2,43.17,2.5,-0.25,2022-05-29,0.0,AHI7SBHYECQUIS63BKXBHY325VVQ,2022-04-07,West,25-34,Paid Search,0.0,Neutral / Nurture
C_8470960,2,42.97,5.0,1.0,2018-11-06,0.0,AFM5NV37IAPIP2AZXEZTKP3BJWKQ,2018-07-29,West,35-44,Paid Search,0.0,Neutral / Nurture
C_4877028,2,42.55,5.0,1.0,2019-10-22,0.0,AEI6PVESNCWAQYNYNQ25O4U4OIHQ,2018-12-21,West,35-44,Referral,0.0,Neutral / Nurture
C_4224434,1,42.52,5.0,1.0,2020-03-23,0.0,AF2FTNKCY6XY67BKBUO4BNJRZ4XQ,2018-06-24,North,35-44,Organic,0.0,Neutral / Nurture
C_7856291,1,42.41,3.0,0.25,2017-05-13,0.0,AEJDFPQZNZYNSBFL5DNAHYZFFRBQ,2017-02-14,Central,25-34,Organic,0.0,Neutral / Nurture
C_2198473,1,42.12,5.0,1.0,2021-04-16,0.0,AFDMZ4TRX3HXQQUGWAHJQTIF65BQ,2019-06-18,West,35-44,Referral,0.0,Neutral / Nurture
C_8756128,1,42.04,5.0,1.0,2020-07-12,0.0,AEWTKEIDMSOZ7Z3MOOEIXYPYUCCQ,2020-06-02,Central,55+,Paid Search,0.0,Neutral / Nurture
C_0896199,2,41.45,3.0,0.0,2021-10-26,0.0,AGYXMSSKCFQQ25LG4K5WDFOZSDRA,2020-08-16,South,25-34,Referral,0.0,Neutral / Nurture
C_2973131,1,40.84,5.0,1.0,2019-07-21,0.0,AG64D7OAG3IYLHPMFIDIALPO4QZQ,2019-03-28,East,35-44,Social,0.0,Neutral / Nurture
C_6603500,2,40.63,5.0,1.0,2021-11-26,0.0,AHU2GG5RF6YAEWUFNLH3QH5RHDNQ,2021-03-12,Central,25-34,Organic,0.0,Neutral / Nurture
C_0671755,1,39.91,5.0,1.0,2020-07-13,0.0,AFJQB3AGZHG4UJT452DN4NFODKPQ,2018-07-30,North,35-44,Social,0.0,Neutral / Nurture
C_8607636,1,38.94,2.0,-0.5,2016-07-18,0.0,AGU3DPKNTSMZP4QVNBGMZNQSVKFQ,2015-10-19,North,45-54,Email,0.0,New At-Risk Customer
C_0507877,2,38.54,4.0,0.5,2021-10-25,0.0,AHJQPUQLSQZE6LMIUMY7WNRXCQQQ,2020-09-16,Central,35-44,Organic,0.0,Neutral / Nurture
C_1261882,2,38.23,3.0,0.0,2020-12-09,0.0,AGF42GID7QWDCNFTJRCTMKAITJJA,2019-03-27,Central,18-24,Organic,0.0,Neutral / Nurture
C_3267132,1,38.16,5.0,1.0,2021-03-01,0.0,AGDSEYGSA5K664EUHWKV3ARDXO2Q,2020-11-07,South,35-44,Referral,0.0,Neutral / Nurture
C_9503125,2,37.96,5.0,1.0,2019-05-18,0.0,AG7U3U2RPLN3LW5P4CUVUHINRMOA,2018-06-25,South,25-34,Organic,0.0,Neutral / Nurture
C_0151384,2,37.73,5.0,1.0,2018-09-25,0.0,AEICZD35OTDYVWA2KPYWN4PDZ2SA,2016-10-24,East,25-34,Referral,0.0,Neutral / Nurture
C_8670934,1,36.73,2.0,-0.75,2017-09-09,0.0,AEJ33R64CS46LK4ZN3RHTLTBO4ZQ,2017-04-30,East,45-54,Social,0.0,New At-Risk Customer
C_7759427,2,35.75,4.5,0.875,2019-11-03,0.0,AHINTWLUQQLLDM437NMPMEDDUD4Q,2019-01-23,East,25-34,Organic,0.0,Neutral / Nurture
C_7717796,1,35.72,4.0,0.5,2022-09-10,0.0,AH6PHAHWPMJDA4UXVJS6ZGZWE3SQ,2022-04-10,Central,25-34,Social,0.0,Neutral / Nurture
C_0203259,2,35.5,3.0,0.0,2020-02-25,0.0,AH2HBIU5M2KOE4WHRXEZV2CUTHZA,2019-01-21,Central,45-54,Paid Search,0.0,Neutral / Nurture
C_0523222,1,35.5,1.0,-1.0,2020-06-22,0.0,AEYE3LSUHQEX6BWG224MKVXX6XZQ,2018-12-23,West,35-44,Paid Search,0.0,New At-Risk Customer
C_8704098,1,35.14,5.0,1.0,2010-08-16,0.0,AGVOCAFRQ6W2PWADY27GTWIHVVJA,2008-10-09,North,45-54,Social,0.0,Neutral / Nurture
C_7442237,1,35.05,4.0,0.75,2022-11-29,0.0,AEUAL3EJKUSTNB4YY6STLYGTJALA,2022-04-17,Central,35-44,Referral,0.0,Neutral / Nurture
C_6390962,1,34.98,5.0,1.0,2018-08-15,0.0,AF5BYRAWORXLQNHT3IAPKOQOGTRA,2017-05-11,South,18-24,Social,0.0,Neutral / Nurture
C_1316858,1,34.94,5.0,1.0,2021-07-19,0.0,AHY3NVIU6WQZIP522P7ZGQPE7QWQ,2020-06-03,East,45-54,Organic,0.0,Neutral / Nurture
C_2296916,1,34.93,1.0,-1.0,2017-07-14,0.0,AGQANGDZQGK2IOWOXHOCTPBPQRKA,2017-05-05,East,25-34,Social,0.0,New At-Risk Customer
C_4975988,1,34.89,5.0,1.0,2012-11-24,0.0,AFEUJGH6HN52IP6H7ZD26KYZGEWQ,2010-12-15,South,18-24,Social,0.0,Neutral / Nurture
C_0243923,1,34.73,2.0,-0.5,2016-05-06,0.0,AGNNX5XDIN5SHDOKFX2QOUE32B5A,2014-09-25,South,18-24,Email,0.0,New At-Risk Customer
C_9050681,1,34.47,4.0,0.75,2019-11-17,0.0,AGN65FCMRQSRXS6PWIVSUYIDZXFA,2019-10-05,North,55+,Referral,0.0,Neutral / Nurture
C_3323269,1,34.28,4.0,0.5,2022-02-04,0.0,AEVRP23ONGIWRUAPURGPAKC4PL2Q,2021-07-21,West,18-24,Social,0.0,Neutral / Nurture
C_5967860,1,33.83,5.0,1.0,2021-10-17,0.0,AG3RUN6QXDMTDGTA7MXGFMDUILBQ,2021-03-31,West,25-34,Organic,0.0,Neutral / Nurture
C_2115887,2,33.53,5.0,1.0,2017-09-07,0.5,AGUNN5632O4AITGTUZQO77YKW5EQ,2016-02-28,East,35-44,Referral,50.0,Return-Risk Customer
C_6475188,2,33.47,5.0,1.0,2018-06-05,0.0,AHKHMWNLW3LCZCJXWLZVKC744UDQ,2017-07-28,Central,25-34,Referral,0.0,Neutral / Nurture
C_6453924,1,33.33,5.0,1.0,2021-04-27,0.0,AGPSLW4UG4AWFP6AYDV4AFGSHMWQ,2020-07-10,North,45-54,Social,0.0,Neutral / Nurture
C_3531571,3,33.2,5.0,1.0,2021-06-19,0.0,AFAAITODQWTP5HUV2E7QDRXRHERA,2021-03-02,South,55+,Paid Search,0.0,Neutral / Nurture
C_9072446,2,33.18,5.0,1.0,2021-06-15,0.0,AGTHQ6ANUEV7VOOVAEFWVMFIILUA,2021-02-18,South,18-24,Referral,0.0,Neutral / Nurture
C_1669814,1,33.15,5.0,1.0,2019-07-01,0.0,AHJRS3AHOMWOGYEWUAFF6MDEJY4A,2018-09-20,East,18-24,Social,0.0,Neutral / Nurture
C_2307596,2,33.1,2.0,-0.5,2022-05-24,0.0,AHZQKBA7BNCQH4CHTAKL4KX7BULA,2020-06-07,Central,18-24,Email,0.0,Neutral / Nurture
C_4350066,1,32.54,5.0,1.0,2018-09-12,0.0,AGUFDVO4TYIFQHQUMDXFHSHH43BA,2017-06-07,South,25-34,Paid Search,0.0,Neutral / Nurture
C_8988340,1,32.24,5.0,1.0,2016-02-05,0.0,AHGZX4XSJUP5YNAEKCZOXX3FRKNQ,2015-07-16,East,45-54,Social,0.0,Neutral / Nurture
C_2025749,1,31.74,1.0,-1.0,2021-08-31,0.0,AGK47D52WHEZWIW3RGMLDNDGZ32A,2021-03-13,North,45-54,Organic,0.0,New At-Risk Customer
C_8126853,1,31.7,5.0,1.0,2018-06-25,0.0,AEIHN6JDLYL2QYCAOCBVEUPHU5EA,2018-02-03,North,18-24,Organic,0.0,Neutral / Nurture
C_4358973,1,31.57,5.0,1.0,2016-01-03,0.0,AEOYNV3GTKOZ2YOEY4QEKIAEZEZA,2014-07-17,North,25-34,Social,0.0,Neutral / Nurture
C_8435913,3,31.53,5.0,1.0,2021-06-30,0.0,AFHRPCWEWPAAA2ZVLDTJHDIFR3VA,2020-05-05,East,25-34,Referral,0.0,Neutral / Nurture
C_6898210,2,31.12,5.0,1.0,2020-05-26,0.0,AFLX66DKF6R3H6OEOC3TIVAYXZIQ,2018-06-11,North,25-34,Paid Search,0.0,Neutral / Nurture
C_7249196,2,30.3,3.5,0.25,2020-02-16,0.5,AFB6GBEYFLU4ARUPS3MESCJPO6JA,2019-05-27,South,25-34,Paid Search,50.0,Return-Risk Customer
C_7202679,1,30.05,3.0,0.25,2020-12-14,0.0,AFDPKX3DYZI6FV5GXLI7NVTULR4Q,2019-04-16,South,18-24,Referral,0.0,Neutral / Nurture
C_2930797,1,30.05,3.0,0.0,2019-11-28,0.0,AH5KJVUUL3UMJMTCSHPHGBQAZHOQ,2018-01-01,South,18-24,Paid Search,0.0,Neutral / Nurture
C_9720398,2,29.71,3.5,0.5,2020-07-26,0.0,AE2WMFLNQAV4U5O5XL7AU7LYSL3Q,2018-12-09,North,18-24,Organic,0.0,Neutral / Nurture
C_6290832,1,29.62,3.0,0.0,2018-09-12,0.0,AFPTOUHUSNEB6JDSCWDMLS23L4CA,2018-08-04,East,18-24,Social,0.0,Neutral / Nurture
C_6105716,1,29.25,5.0,1.0,2022-07-29,0.0,AHZZJQYNVZUJNPNQ737ITGEQUB4A,2021-03-02,Central,18-24,Paid Search,0.0,Neutral / Nurture
C_1250733,1,29.07,5.0,1.0,2015-02-20,0.0,AH64T2MRMNF76UENPWCIMMCYTSZA,2013-03-31,West,25-34,Paid Search,0.0,Neutral / Nurture
C_8063187,1,28.81,5.0,1.0,2020-08-02,0.0,AG5FGEYGAMLVI7NOKMXL7ORUZNDQ,2019-06-04,South,25-34,Paid Search,0.0,Neutral / Nurture
C_2488901,1,28.74,5.0,1.0,2016-10-02,0.0,AGVQJFWTGNXNOKM6BOGYN7RB3OPA,2014-12-27,Central,35-44,Organic,0.0,Neutral / Nurture
C_5203270,1,28.53,5.0,1.0,2021-07-19,0.0,AFSGI24VGE7QZS7QUKIEJGGEF4QQ,2019-07-30,West,35-44,Organic,0.0,Neutral / Nurture
C_5588794,2,28.23,5.0,1.0,2022-10-29,0.0,AH6LSFADKK56ZXNWKN32R2HPR2FA,2022-01-07,West,25-34,Referral,0.0,Neutral / Nurture
C_6112622,1,28.17,4.0,0.75,2019-01-25,0.0,AHYARJU3M2CYM3W5SZYL33KOFVHA,2017-12-22,North,55+,Social,0.0,Neutral / Nurture
C_9939236,1,28.15,5.0,1.0,2021-12-05,0.0,AH74JVFA53ZGMIJCHYOE22SLB3FA,2021-05-18,North,45-54,Social,0.0,Neutral / Nurture
C_7939576,2,28.0,3.0,0.125,2018-01-26,0.0,AHTOAHVOFQFZ7I5HPDVJSEASCRZQ,2017-11-11,North,45-54,Social,0.0,Neutral / Nurture
C_0122921,1,27.61,5.0,1.0,2022-06-16,0.0,AFT7NN6XCSB73I3TSVAZRWNKNJZQ,2020-09-16,Central,45-54,Social,0.0,Neutral / Nurture
C_2312101,1,27.59,5.0,1.0,2019-12-30,0.0,AFRKVKLMCTJGCLALZIHEJSZ326SA,2018-02-22,South,45-54,Social,0.0,Neutral / Nurture
C_1546550,1,27.5,3.0,0.25,2022-08-10,0.0,AFPHKIJFGIU4G4POXRFCEF5RJJHA,2020-10-15,South,25-34,Social,0.0,Neutral / Nurture
C_7442614,2,27.48,5.0,1.0,2020-09-22,0.0,AGAUXWCVEMG4NHHLM5QYOWMWWRVQ,2019-10-03,West,25-34,Social,0.0,Neutral / Nurture
C_6170127,1,27.46,4.0,0.5,2015-07-13,0.0,AHFQM2AORFUYHAE2O4IIHFU5QCGA,2014-06-16,South,45-54,Organic,0.0,Neutral / Nurture
C_7369947,1,27.37,5.0,1.0,2015-01-24,0.0,AHUV6QJJIJPSYDUGY3RFYZOHPIFA,2013-03-04,West,18-24,Organic,0.0,Neutral / Nurture
C_1097276,1,27.08,3.0,0.0,2019-04-17,0.0,AGNKRWFIR7RCHG4YPSDL7P3GMGBA,2017-11-21,West,45-54,Organic,0.0,Neutral / Nurture
C_8561720,2,27.07,3.0,0.0,2022-01-28,0.5,AFQLNQNQYFWQZPJQZS6V3NZU4QBQ,2021-12-23,South,35-44,Organic,50.0,Return-Risk Customer
C_4991445,1,27.05,5.0,1.0,2017-09-14,0.0,AGV3JEME5YIGXADUTXWKVZS6Z7JA,2017-05-29,East,25-34,Paid Search,0.0,Neutral / Nurture
C_4030867,1,27.03,2.0,-0.25,2021-12-09,0.0,AF6N3BBR32UMXX276IR7CTZTVTQA,2020-01-08,West,25-34,Paid Search,0.0,New At-Risk Customer
C_5302721,1,27.01,1.0,-1.0,2021-04-01,0.0,AH2KRJCMDPAGIOGC4MOAQEIHGE2A,2019-10-05,North,18-24,Referral,0.0,New At-Risk Customer
C_9658123,1,26.82,4.0,0.5,2018-03-14,0.0,AGKSSNLDIG5HY5FXYVE6UVXKVDYQ,2017-03-10,East,25-34,Organic,0.0,Neutral / Nurture
C_0077406,1,26.7,5.0,1.0,2021-12-17,0.0,AE5GHFQZ6IXM4QNYTLTYJO24KQZQ,2021-07-07,South,25-34,Referral,0.0,Neutral / Nurture
C_4492852,1,26.26,5.0,1.0,2017-06-15,0.0,AHNZGXDDP6KMIZ3JWII47NK72OLA,2016-04-28,Central,35-44,Social,0.0,Neutral / Nurture
C_7849468,1,26.18,3.0,0.25,2015-09-29,0.0,AFIV4SN6MTZTNSKICMACWGG5REFQ,2015-06-13,Central,35-44,Paid Search,0.0,Neutral / Nurture
C_4090171,1,25.79,1.0,-1.0,2023-01-21,0.0,AHWW3GBNSOSLWDZBZ26ELXLGQJXA,2022-09-14,North,25-34,Social,0.0,New At-Risk Customer
C_7907086,1,25.76,5.0,1.0,2015-11-28,0.0,AEBIQICUNDRDP6YCUGOCC7GTIEPQ,2015-03-27,North,35-44,Paid Search,0.0,Neutral / Nurture
C_6178089,1,25.68,3.0,0.0,2020-12-12,0.0,AEHO2WBZQTHF2UYNRQOHP6PASYHQ,2020-02-15,East,45-54,Paid Search,0.0,Neutral / Nurture
C_2394353,2,25.53,4.5,1.0,2021-04-17,0.0,AFXAMSEN6MT4WQHSXCV4JRGXWODA,2019-10-01,North,18-24,Email,0.0,Neutral / Nurture
C_5112320,1,25.52,2.0,-0.5,2021-12-01,0.0,AFYMNMPJ7TCETT3PK55JBS57I6DQ,2021-06-17,East,35-44,Referral,0.0,New At-Risk Customer
C_7760848,1,25.48,4.0,0.75,2017-07-28,0.0,AF6LYZ3MUF4YJFGN7VGQWMWLSUFQ,2017-05-21,South,25-34,Paid Search,0.0,Neutral / Nurture
C_6174746,1,25.46,4.0,0.75,2016-08-09,0.0,AE6EPWEAGVOKWS42HYLLT2CZWTGQ,2014-11-27,East,35-44,Organic,0.0,Neutral / Nurture
C_2567953,2,25.43,4.5,0.75,2020-02-28,0.0,AGG3LLILZEGKCA4SAS4Q7X2Y7ISQ,2018-03-31,Central,18-24,Referral,0.0,Neutral / Nurture
C_0326463,1,25.34,5.0,1.0,2022-01-10,0.0,AFAFNPANVWPP3VFRJHQZOU7R6X2Q,2020-12-29,West,35-44,Email,0.0,Neutral / Nurture
C_9437339,1,25.17,5.0,1.0,2019-11-14,0.0,AHPXDXGUHYKWYX6KIKCH2IB4DFUQ,2018-01-18,North,25-34,Paid Search,0.0,Neutral / Nurture
C_7166659,1,24.76,5.0,1.0,2017-04-30,0.0,AGNQVHZDKTKGX6OYVTEWV53YIQSQ,2016-11-18,East,35-44,Email,0.0,Neutral / Nurture
C_3051308,1,24.3,5.0,1.0,2021-02-09,0.0,AFQ7WYW4KSH4VI5OVXCP2GV6PBRA,2019-06-04,North,25-34,Organic,0.0,Neutral / Nurture
C_4592871,1,23.99,2.0,-0.25,2019-01-12,0.0,AHCZKT34YZL3CVXYVH2CNKQDCYBA,2017-12-02,Central,55+,Social,0.0,New At-Risk Customer
C_5006096,1,23.89,5.0,1.0,2018-06-15,0.0,AGM7RCFVS3FJ7WGW2BUIQHN34NZA,2017-11-23,Central,25-34,Paid Search,0.0,Neutral / Nurture
C_0022486,1,23.81,1.0,-1.0,2022-01-12,0.0,AG7MO2XSVUHRZKH46X3QXC7LR32A,2021-07-31,South,18-24,Organic,0.0,New At-Risk Customer
C_1074808,1,23.78,2.0,-0.5,2019-02-01,0.0,AE6T5HPHZOJKN2BGUA3ZAVDKDOWQ,2018-03-12,North,18-24,Social,0.0,New At-Risk Customer
C_9306847,1,23.77,5.0,1.0,2015-07-10,0.0,AHBUO2AFI46Y3SDHRMETHIGRUONQ,2014-08-23,East,25-34,Organic,0.0,Neutral / Nurture
C_9841520,1,23.74,5.0,1.0,2017-04-18,0.0,AF6CN6PFI7EGYFVCXE5TKJNN5ZEA,2016-11-01,West,25-34,Organic,0.0,Neutral / Nurture
C_3170110,1,23.67,4.0,0.5,2019-05-22,0.0,AGFYPDLGSZU6QY6KIW6JZW6CK2CQ,2017-10-06,Central,35-44,Social,0.0,Neutral / Nurture
C_8121330,1,23.61,3.0,0.0,2019-05-06,0.0,AFJOSWMUZ5OITR3FQ5H2HUUCK5TQ,2018-11-09,Central,45-54,Paid Search,0.0,Neutral / Nurture
C_6752890,1,23.58,5.0,1.0,2019-06-28,0.0,AFPBVAEV3FCQOHKJJGAKQLZLTCZQ,2019-01-16,East,18-24,Organic,0.0,Neutral / Nurture
C_8743426,1,23.57,5.0,1.0,2021-01-28,0.0,AE5E4D2GGRABRQOO6XKKK7ZEKPIQ,2019-10-31,East,45-54,Paid Search,0.0,Neutral / Nurture
C_6902673,1,23.54,1.0,-1.0,2018-12-17,0.0,AFI44N5JJZHC3P7SOQWMWXHNWNZQ,2017-04-09,West,18-24,Social,0.0,New At-Risk Customer
C_9029354,1,23.38,5.0,1.0,2017-10-31,0.0,AE5K7JZDVDIEJM53R5HRNZZGJ2IQ,2016-12-13,Central,45-54,Referral,0.0,Neutral / Nurture
C_0763603,1,23.3,2.0,-0.25,2019-04-12,1.0,AGGOUUE2QZ23ABB7XE5SCBCGT63Q,2018-05-11,South,25-34,Referral,100.0,New At-Risk Customer
C_0408267,1,23.23,5.0,1.0,2022-03-12,0.0,AHIFWJCLH3DZ5S6XBY7XKEKIFNMQ,2021-08-27,West,55+,Organic,0.0,Neutral / Nurture
C_4649248,1,23.21,5.0,1.0,2018-09-22,0.0,AF3SSXF4RK6JEPW7WGJQPM32DUGQ,2018-03-16,North,18-24,Paid Search,0.0,Neutral / Nurture
C_9894223,2,23.15,3.0,0.25,2017-05-23,0.0,AEXTSZOMHUDQZ46764RKBNZ2WANA,2016-07-24,Central,55+,Social,0.0,Neutral / Nurture
C_9869715,1,23.1,5.0,1.0,2021-06-12,0.0,AE5DIA2HDWBPNGBO2FXN2PF4NQJA,2021-03-04,Central,18-24,Referral,0.0,Neutral / Nurture
C_2539376,1,22.99,5.0,1.0,2018-12-30,0.0,AHJ2CDYLH4BNPIDVY3TIDSBNRRPA,2018-10-16,West,25-34,Social,0.0,Neutral / Nurture
C_4449878,1,22.96,3.0,0.0,2019-09-13,0.0,AGGLOHDR6L7GZMIFCGXPPHS23OTQ,2018-09-08,Central,45-54,Organic,0.0,Neutral / Nurture
C_6551286,1,22.47,4.0,0.75,2019-09-19,0.0,AFXFEXKD2XNGFLVJ2MMAXNYJSDAQ,2017-10-23,Central,18-24,Organic,0.0,Neutral / Nurture
C_2147205,1,22.42,3.0,0.0,2019-05-02,0.0,AEI342MDA32TKMKQ7PEPNHCQ3MWQ,2018-01-12,Central,45-54,Social,0.0,Neutral / Nurture
C_8960141,1,22.2,3.0,0.0,2018-01-11,0.0,AEYB24ATMPTFOMYIHSYYRN4MZUOA,2016-09-29,West,25-34,Paid Search,0.0,Neutral / Nurture
C_4985535,1,22.1,2.0,-0.5,2020-03-14,0.0,AGIYSA62BZULHNSJTMPAT5IC3MLQ,2019-03-26,South,25-34,Referral,0.0,New At-Risk Customer
C_4079256,1,22.02,2.0,-0.25,2020-06-07,0.0,AE4R34JAQMBCEAPRJI5ZAYDVBD4A,2019-07-24,East,25-34,Social,0.0,New At-Risk Customer
C_7224127,1,21.85,5.0,1.0,2021-11-06,0.0,AEDDULPRRWJ3YVRQJEN56ENGJUDQ,2020-03-11,Central,35-44,Organic,0.0,Neutral / Nurture
C_0131964,1,21.79,5.0,1.0,2021-06-16,0.0,AE5UYN4TT4EE55XLVLKQCO6IHEYQ,2020-12-10,West,35-44,Organic,0.0,Neutral / Nurture
C_3785214,1,21.64,4.0,0.75,2017-07-20,0.0,AEXCBVLSGIQSEK3UIPLMFEVN6LSQ,2016-11-14,East,25-34,Organic,0.0,Neutral / Nurture
C_0845245,1,21.34,1.0,-1.0,2019-06-12,1.0,AEKLWIFD6GVHWJKIC4QDCDYRNYKQ,2018-07-15,Central,35-44,Paid Search,100.0,New At-Risk Customer
C_6311184,1,21.24,5.0,1.0,2021-06-20,0.0,AECCHBPAQIKZS2ALD6MVJOO3CWKQ,2020-08-31,Central,45-54,Social,0.0,Neutral / Nurture
C_0416593,1,21.22,2.0,-0.5,2021-07-29,0.0,AGATJUDC7FC3FLKDSDC5DM3RRVCA,2021-05-05,South,45-54,Organic,0.0,New At-Risk Customer
C_7873798,1,21.04,3.0,0.25,2017-09-30,0.0,AELN54HSLHAIITISZ7WNFUGPFQTA,2017-01-17,West,25-34,Organic,0.0,Neutral / Nurture
C_2961759,1,20.93,5.0,1.0,2016-08-08,0.0,AFS5TQHRDNYDFD7ONWOVFWTCGAKQ,2015-01-18,West,25-34,Social,0.0,Neutral / Nurture
C_3572809,1,20.89,5.0,1.0,2022-08-01,0.0,AFDDEXBXGKNMWIZQLH3764LUZ7BQ,2021-07-06,North,18-24,Organic,0.0,Neutral / Nurture
C_5423648,1,20.88,3.0,0.0,2017-03-08,0.0,AEOXJH67IK6A7MAATXDVRAMR4TPA,2015-10-30,North,25-34,Social,0.0,Neutral / Nurture
C_7128764,1,20.61,5.0,1.0,2020-07-30,0.0,AEQJQXW6PQAU5WEJGXS42BZ6GCVQ,2019-03-02,Central,45-54,Organic,0.0,Neutral / Nurture
C_3880900,1,20.53,3.0,0.5,2019-09-08,0.0,AGODEE2NRFP5H2KRXIZPZPV5QSJQ,2018-03-31,Central,45-54,Referral,0.0,Neutral / Nurture
C_4363917,1,20.43,5.0,1.0,2021-01-30,0.0,AEKB7DPBZAAB4GZFCWO24MFAVUZA,2020-07-27,West,45-54,Organic,0.0,Neutral / Nurture
C_3463653,1,20.35,5.0,1.0,2021-04-29,0.0,AFITKUE552XUTQQPEO4SIHWHLNMQ,2020-10-29,East,25-34,Referral,0.0,Neutral / Nurture
C_3369650,1,20.26,5.0,1.0,2021-05-04,0.0,AHR6RGZTLOMBD7EBF3OK43JWMGNQ,2020-05-27,South,55+,Social,0.0,Neutral / Nurture
C_3013648,1,20.14,5.0,1.0,2015-02-01,0.0,AERBGR3GPGZ4IJMR3C2SYO64PVLQ,2014-12-21,South,18-24,Organic,0.0,Neutral / Nurture
C_3672974,1,20.13,5.0,1.0,2017-12-05,0.0,AEDW2OT6QODQHYU6Q6VUBLUFOOIQ,2017-07-12,West,25-34,Social,0.0,Neutral / Nurture
C_5040290,1,20.11,3.0,0.0,2017-11-30,0.0,AF227ZORVJNXGFF6UFK23IYWE7AA,2017-10-22,West,55+,Social,0.0,Neutral / Nurture
C_9419702,1,19.88,5.0,1.0,2020-11-21,0.0,AFCXJZWRP5BLDWIOBUJ3TZG6OMBA,2020-05-28,West,55+,Social,0.0,Neutral / Nurture
C_2127526,1,19.88,5.0,1.0,2018-11-05,0.0,AHF4MTJVRIWG2GK3JLSBKYQYHGDQ,2017-01-29,South,45-54,Referral,0.0,Neutral / Nurture
C_3141508,1,19.84,5.0,1.0,2018-07-29,0.0,AFOMMZPFMNVCAC6VYYGQPJSRZFTQ,2018-04-15,East,18-24,Organic,0.0,Neutral / Nurture
C_4179259,1,19.78,5.0,1.0,2022-04-20,0.0,AGYBOBPV47L6FRILNSZ7S6XFLPFA,2020-12-15,South,45-54,Social,0.0,Neutral / Nurture
C_7810343,1,19.75,5.0,1.0,2021-03-15,0.0,AEVBOKQVPBUGU74U6FWZON46R6ZQ,2021-02-04,North,35-44,Organic,0.0,Neutral / Nurture
C_7967011,1,19.6,5.0,1.0,2021-07-12,0.0,AFLGWVMNAKFSOPJNKKLYHP2F2IMQ,2020-07-09,Central,25-34,Referral,0.0,Neutral / Nurture
C_8216960,1,19.6,5.0,1.0,2016-09-21,0.0,AHJLE24BKWMCMJ72W7XYMLCXKIGA,2015-10-15,West,35-44,Paid Search,0.0,Neutral / Nurture
C_4096825,1,19.55,5.0,1.0,2021-03-20,0.0,AEKHCQJBDUCMVSTED7AMOZDC4COQ,2019-04-10,South,45-54,Social,0.0,Neutral / Nurture
C_9745283,1,19.51,5.0,1.0,2018-03-19,0.0,AGKKCD6TYVYVC2EOWPV6W3DPXOWA,2017-01-20,Central,25-34,Email,0.0,Neutral / Nurture
C_3832658,1,19.49,3.0,0.0,2020-08-13,1.0,AEHJJPC3MQJAHAJWBEVIF5EFQQBQ,2019-04-09,Central,25-34,Social,100.0,Return-Risk Customer
C_5222698,1,19.36,5.0,1.0,2020-02-14,0.0,AEZHRMVXXEGT4LCKGDCWWCA6ME7Q,2018-10-16,North,25-34,Organic,0.0,Neutral / Nurture
C_8502115,1,19.25,3.0,0.0,2019-12-18,1.0,AGG63E55UYM5735FTMRLAXL4D5IQ,2018-04-17,West,25-34,Email,100.0,Return-Risk Customer
C_6790089,1,19.21,5.0,1.0,2021-10-14,0.0,AF3IELI63FDNLEAGV2I6KYJ2LXFA,2020-09-09,West,35-44,Organic,0.0,Neutral / Nurture
C_1072279,1,19.17,5.0,1.0,2017-05-15,0.0,AGCCFLGNMV6ABDOO4O6SUJW65ICA,2016-08-13,South,35-44,Paid Search,0.0,Neutral / Nurture
C_4169169,1,19.05,5.0,1.0,2016-10-25,0.0,AGHU6Z5VO7EX3QY5OEAUMPOU7AAQ,2015-08-03,East,18-24,Social,0.0,Neutral / Nurture
C_3107596,2,18.87,5.0,1.0,2022-02-22,0.0,AG3VXRJ5OUQDF3UAEOEIIZ6Z5Z3A,2022-01-07,Central,35-44,Social,0.0,Neutral / Nurture
C_2407974,1,18.85,5.0,1.0,2022-01-19,0.0,AEG6UV72JH6WOHEAWLMNXT6J7F4A,2020-09-08,North,25-34,Paid Search,0.0,Neutral / Nurture
C_6031039,1,18.85,5.0,1.0,2020-10-19,0.0,AFGEM6BXCYHUILEOA3P2ZYBEF2TA,2019-03-17,South,35-44,Organic,0.0,Neutral / Nurture
C_6164941,2,18.68,5.0,1.0,2022-04-23,0.0,AEXUHHBGMR5MZWUYXFLZ6XKVLCTQ,2020-10-04,Central,18-24,Paid Search,0.0,Neutral / Nurture
C_4202748,1,18.64,5.0,1.0,2019-02-10,0.0,AEX3CW22RUBG2EEUYSBZBMTRJSZQ,2017-11-30,Central,25-34,Paid Search,0.0,Neutral / Nurture
C_1297247,1,18.62,5.0,1.0,2020-05-16,0.0,AE74DYR3QUGVPZJ3P7RFWBGIX7XQ,2019-08-22,Central,35-44,Social,0.0,Neutral / Nurture
C_2079268,1,18.54,5.0,1.0,2015-04-21,0.0,AHU2Y2ZFQKI3V3ARFDKZA6ER4NUQ,2014-10-22,Central,18-24,Referral,0.0,Neutral / Nurture
C_7876077,1,18.49,5.0,1.0,2019-09-01,0.0,AF4Y2O5Z4P7JZPXUQSR62VAP2I3Q,2018-09-09,East,35-44,Social,0.0,Neutral / Nurture
C_9167471,1,18.4,5.0,1.0,2020-02-22,0.0,AGTAGFJK3FZRO643NK5GYNPOXTUQ,2018-10-31,North,25-34,Social,0.0,Neutral / Nurture
C_3393713,1,18.4,1.0,-1.0,2020-02-15,0.0,AEZBFZHVLG7CMLFKRNEDYYYMEYZQ,2018-12-17,North,18-24,Social,0.0,New At-Risk Customer
C_8744211,1,18.39,5.0,1.0,2016-10-06,0.0,AG35BKPUEUMX7LV5YLOQ5YCQ3GOA,2016-05-21,East,45-54,Organic,0.0,Neutral / Nurture
C_3552114,1,18.39,5.0,1.0,2017-01-23,0.0,AHAWL3U7UKXOVLS5EGO7ZWROEHZA,2016-08-28,West,25-34,Paid Search,0.0,Neutral / Nurture
C_9309042,1,18.28,5.0,1.0,2018-10-14,0.0,AHGAWWBYLYK3OM3D7RBFM2DZKIHQ,2017-01-04,Central,35-44,Email,0.0,Neutral / Nurture
C_0576505,1,18.03,5.0,1.0,2020-12-19,0.0,AG4U7OO7EGQXH5KTGPWNFM3AC5MA,2019-07-24,North,18-24,Organic,0.0,Neutral / Nurture
C_8377016,1,17.92,5.0,1.0,2020-12-31,0.0,AHW7W34BLHHC4AYM4TPMLA2SWMMA,2020-11-22,West,35-44,Social,0.0,Neutral / Nurture
C_5657564,1,17.78,5.0,1.0,2019-10-24,0.0,AHU45NZTYUKII5KWB47OI5NH3QLQ,2018-12-04,West,35-44,Organic,0.0,Neutral / Nurture
C_6385398,1,17.76,5.0,1.0,2016-04-04,0.0,AEWUOTR5BLPGWHAJI24EMWJHXORA,2014-09-09,South,18-24,Paid Search,0.0,Neutral / Nurture
C_0000330,1,17.67,5.0,1.0,2016-11-19,0.0,AFSH2ADUKP7QBX2P6BCWUKZYE5NQ,2015-05-07,Central,35-44,Organic,0.0,Neutral / Nurture
C_0498230,1,17.63,5.0,1.0,2020-09-20,0.0,AFISRL535I2D5IUPG3FGWY6XZC7A,2020-02-16,East,35-44,Paid Search,0.0,Neutral / Nurture
C_8064897,1,17.5,3.0,0.0,2015-10-11,0.0,AFQKWXGOZ6N33TEWPESQEA7NQWIA,2014-06-04,Central,35-44,Organic,0.0,Neutral / Nurture
C_0788672,1,17.29,5.0,1.0,2021-08-21,0.0,AETOPBLLOVEAMSUYLIVTIKRWTGZA,2021-04-21,South,45-54,Organic,0.0,Neutral / Nurture
C_5440150,1,17.25,5.0,1.0,2020-05-09,1.0,AGPJXWOVUYDJHAGKCHQ4AK2AVGZQ,2019-03-09,West,35-44,Organic,100.0,Return-Risk Customer
C_4426979,1,17.21,5.0,1.0,2020-11-16,0.0,AE7ZR5DNB5MPPJ3KNECRHSDEDPUQ,2020-03-23,East,35-44,Email,0.0,Neutral / Nurture
C_3166424,1,17.05,3.0,0.25,2020-07-30,0.0,AED5CY57L474C37AHNRMT3BTS5LA,2018-09-06,East,55+,Paid Search,0.0,Neutral / Nurture
C_8077535,1,16.92,5.0,1.0,2020-05-29,0.0,AEWFEWBJVI2YN7WAWVXSOYT5MANA,2019-07-11,South,35-44,Organic,0.0,Neutral / Nurture
C_8002440,1,16.82,5.0,1.0,2022-03-17,0.0,AHYEPW2M6FS4LOSZH3JYO47ET2WA,2020-07-01,West,55+,Organic,0.0,Neutral / Nurture
C_2914165,1,16.78,4.0,0.5,2020-05-07,0.0,AFHZAI5WNVWT4SFFY2EZ2SGSCIAQ,2018-10-09,South,18-24,Organic,0.0,Neutral / Nurture
C_9523628,1,16.55,1.0,-1.0,2019-06-02,0.0,AEQ5KNRASE5F7HHXZJ7XRN6SBSWQ,2017-07-16,Central,35-44,Email,0.0,New At-Risk Customer
C_7807179,1,16.19,4.0,0.75,2021-06-09,0.0,AHPKUK33JPVJZQJOPUSPIBCAYBBA,2020-10-14,Central,18-24,Referral,0.0,Neutral / Nurture
C_2009776,1,16.18,4.0,0.5,2016-05-05,0.0,AEC75WKIIIK4LDQFKNOKWNFZUYJA,2015-08-04,West,25-34,Paid Search,0.0,Neutral / Nurture
C_5274021,1,16.18,5.0,1.0,2019-12-30,0.0,AHFURURV4H35BXUUTXYMJYA36CTQ,2018-07-21,West,25-34,Organic,0.0,Neutral / Nurture
C_6733351,1,15.98,5.0,1.0,2020-10-27,0.0,AEK5ZLRN23DCNUWP3GHTONPO4DWA,2020-03-24,North,25-34,Email,0.0,Neutral / Nurture
C_6390509,1,15.87,5.0,1.0,2018-02-05,0.0,AFRZ3YEUSNVS6THSGMGSWWCMPJ5A,2017-09-13,East,18-24,Organic,0.0,Neutral / Nurture
C_5386072,1,15.8,5.0,0.75,2019-03-01,0.0,AE462K7ARMFX3P7CX2QRL62RR7EA,2018-09-05,Central,45-54,Paid Search,0.0,Neutral / Nurture
C_0373521,1,15.79,1.0,-1.0,2018-06-12,0.0,AFJNVGGMMQAIDULOVPTR2MPBEIMQ,2018-03-01,North,18-24,Paid Search,0.0,New At-Risk Customer
C_9731672,1,15.74,1.0,-0.75,2021-08-15,0.0,AEMZX2FHIAL2R6YPCIXUSWFRB33Q,2019-12-04,North,25-34,Organic,0.0,New At-Risk Customer
C_1332251,1,15.72,4.0,1.0,2020-12-26,0.0,AEONXM4J7LCG3G4JNSNSCBZ4MDNA,2019-11-12,West,45-54,Organic,0.0,Neutral / Nurture
C_8269089,1,15.67,5.0,1.0,2020-05-12,0.0,AHH4EDVBK4H6ZWPSCSNQHX3BRKZA,2018-10-22,West,18-24,Paid Search,0.0,Neutral / Nurture
C_2431239,1,15.56,5.0,1.0,2021-02-28,0.0,AFGNAQM465VDQYDIWW7WBZEUMN2Q,2020-03-27,West,45-54,Social,0.0,Neutral / Nurture
C_6869477,1,15.38,5.0,1.0,2019-08-02,0.0,AEHWUHNTB5FX32HJ7UBOZ2WWUX3Q,2018-06-29,South,25-34,Social,0.0,Neutral / Nurture
C_9250527,1,15.32,5.0,1.0,2017-10-02,0.0,AETE7Y3DZT6BLMWA6U27ADJDZ4LA,2016-04-21,Central,18-24,Paid Search,0.0,Neutral / Nurture
C_2016708,1,15.28,5.0,1.0,2021-07-26,0.0,AE5NJ373RYNSSYEROFQ6YMKJ6XWA,2019-08-20,South,25-34,Organic,0.0,Neutral / Nurture
C_1350614,1,15.19,5.0,1.0,2019-03-05,0.0,AGXRSHOXP2NVH5JT563MX574I72Q,2018-02-23,South,35-44,Social,0.0,Neutral / Nurture
C_0584918,1,15.17,5.0,1.0,2016-08-26,0.0,AF2UCXKR6DC75YORQSCINN2E7B6A,2015-01-24,Central,18-24,Paid Search,0.0,Neutral / Nurture
C_0871699,1,15.07,2.0,-0.5,2020-05-17,0.0,AGC3Q6IXOVLTTDMS4Q55FPYUF6FQ,2019-08-31,North,25-34,Social,0.0,New At-Risk Customer
C_0214242,1,15.05,1.0,-1.0,2018-03-04,0.0,AEJWQQYYOFNDGPKXLXJPNBTQLCAA,2016-08-19,West,18-24,Paid Search,0.0,New At-Risk Customer
C_5462348,1,14.91,4.0,0.5,2022-03-22,0.0,AHBNWEJNOKN4BD2QMP3LUZUG6MAQ,2020-04-03,Central,18-24,Email,0.0,Neutral / Nurture
C_1419169,1,14.83,5.0,1.0,2022-01-05,0.0,AGJFPQJ5UH5BQEQGL6GKURTN6XZA,2020-07-25,East,35-44,Paid Search,0.0,Neutral / Nurture
C_2794168,1,14.78,5.0,1.0,2020-08-12,0.0,AFWVC6NYAO5FZTS25VUIH3H73KZQ,2019-08-26,North,55+,Social,0.0,Neutral / Nurture
C_9336952,1,14.73,5.0,1.0,2021-08-03,0.0,AFWQKUQAAN4XCFE6Y66VI5AOO4ZA,2021-01-13,Central,45-54,Organic,0.0,Neutral / Nurture
C_6812570,1,14.73,5.0,1.0,2014-06-08,0.0,AEITH2MBDGMCSAZSBNAYOEBOJXFA,2013-01-18,West,45-54,Social,0.0,Neutral / Nurture
C_7402737,1,14.7,1.0,-0.75,2023-01-22,0.0,AF5PN3FPG5Z66P7Z7UWL56D6CGMA,2022-05-09,North,45-54,Email,0.0,New At-Risk Customer
C_8526420,1,14.59,5.0,1.0,2020-04-17,0.0,AGFKWX5UV6XADCUDKYILHVF2GIQA,2019-02-02,Central,35-44,Email,0.0,Neutral / Nurture
C_2084628,1,14.38,5.0,1.0,2017-11-20,0.0,AHSWBB6FZBEA7W7PMSO4L5SC7ERQ,2017-08-13,East,25-34,Paid Search,0.0,Neutral / Nurture
C_6858466,1,14.2,5.0,1.0,2017-05-19,0.0,AETEK5ENT3ZFKBCPJ4ETALYQXY2Q,2015-07-27,East,18-24,Social,0.0,Neutral / Nurture
C_1889511,1,14.0,3.0,0.0,2014-11-24,0.0,AGTITI6OKWPN2AVELIAJALJFX6NA,2013-09-16,North,25-34,Paid Search,0.0,Neutral / Nurture
C_6250949,1,13.92,5.0,1.0,2022-06-30,0.0,AGNT4XZCCKWQQBTRXLGEQXEU2OOQ,2020-10-24,Central,45-54,Social,0.0,Neutral / Nurture
C_6876199,1,13.9,5.0,1.0,2020-03-05,0.0,AHCG7XEDVLOCFOQMZC26VE33NW2Q,2019-05-02,South,18-24,Paid Search,0.0,Neutral / Nurture
C_4224017,1,13.88,4.0,1.0,2006-04-29,0.0,AFERCDY2EFJKT7QUQ75GISNHTFOQ,2005-10-10,South,45-54,Paid Search,0.0,Neutral / Nurture
C_5217445,1,13.8,2.0,-0.5,2021-02-12,0.0,AF5KHOHRF2PHDZVWJSYAVFUD7C2A,2020-08-10,West,45-54,Social,0.0,New At-Risk Customer
C_4743951,1,13.7,5.0,1.0,2020-10-27,0.0,AHUKDCTHM6YIDIY7CDZMXBF2NU5Q,2019-10-28,South,45-54,Paid Search,0.0,Neutral / Nurture
C_2712535,1,13.66,5.0,1.0,2019-06-12,0.0,AFO5WBJKP6QSOESYMPNWUXXYUEJA,2017-11-06,East,35-44,Organic,0.0,Neutral / Nurture
C_7422230,1,13.66,5.0,1.0,2019-12-02,0.0,AHBVTZVQSHLVHMK5N3NOHKNCNJPA,2017-12-23,West,35-44,Referral,0.0,Neutral / Nurture
C_7646893,1,13.6,4.0,0.75,2021-06-27,0.0,AENE4O4RTVRK6N2VUTSUGTPKS46A,2021-05-17,West,25-34,Email,0.0,Neutral / Nurture
C_2456562,2,13.57,3.0,0.0,2022-11-08,0.0,AHPBIP5JNVD4ZDTULYEAAX2PBDGQ,2021-02-11,South,35-44,Organic,0.0,Neutral / Nurture
C_5805545,1,13.54,5.0,1.0,2018-03-20,0.0,AER7BPYAMW5CAICYIJX7QW64MBIA,2016-11-11,South,35-44,Organic,0.0,Neutral / Nurture
C_5631939,1,13.33,5.0,1.0,2022-04-24,0.0,AFJJBA225IQUMV35ZORXSVFZDMVA,2020-05-15,West,18-24,Referral,0.0,Neutral / Nurture
C_3388972,1,13.32,5.0,1.0,2020-03-02,0.0,AEV6OL4GLSYMDNUHS4Y4DNVFDRHQ,2018-07-28,West,35-44,Social,0.0,Neutral / Nurture
C_5636547,1,13.23,5.0,1.0,2016-10-22,0.0,AGW7DNVEEOZ55KAPREK54O7DYLKA,2016-06-08,West,35-44,Social,0.0,Neutral / Nurture
C_3402889,1,13.05,5.0,1.0,2021-01-11,0.0,AFRU45DESG72MNB6FNVBEOOYGHBA,2020-05-04,South,45-54,Email,0.0,Neutral / Nurture
C_7117503,1,12.97,3.0,0.0,2013-11-23,0.0,AGBOGNMAG3UCA6B4Z6VT62DVNOIA,2013-07-28,North,25-34,Email,0.0,Neutral / Nurture
C_6699105,1,12.89,5.0,1.0,2016-08-01,0.0,AG6K2WLPXCRUL24DHHFXACBYLOBA,2016-03-19,West,35-44,Organic,0.0,Neutral / Nurture
C_1740814,2,12.88,1.5,-0.75,2022-10-19,0.0,AGJ7WPIMFSZFTQZHI622C56V4DWA,2020-11-05,North,18-24,Organic,0.0,Neutral / Nurture
C_6687115,1,12.71,3.0,0.25,2015-02-22,0.0,AG7J2YXTPA2J6USGMRCDRXP27AUA,2014-07-15,South,55+,Email,0.0,Neutral / Nurture
C_8698170,1,12.71,5.0,1.0,2019-06-03,0.0,AHL5ZHN64UHJOGQLPINJ3BN4VBPA,2017-08-18,South,35-44,Social,0.0,Neutral / Nurture
C_3319008,1,12.68,5.0,1.0,2016-02-20,0.0,AFEZH43XDG42KHOX4ZDOISHOJJMQ,2014-12-24,West,35-44,Organic,0.0,Neutral / Nurture
C_4963599,1,12.59,1.0,-1.0,2019-05-20,0.0,AEHWOWAIPMPP2EN6C24JJQROQ5VQ,2017-12-23,North,25-34,Paid Search,0.0,New At-Risk Customer
C_1725235,1,12.59,5.0,1.0,2019-10-23,0.0,AH4UNA3HYDPXDLP7OETQQOQQDWYA,2018-02-12,East,25-34,Email,0.0,Neutral / Nurture
C_4202202,1,12.58,5.0,1.0,2016-04-07,0.0,AFNZHLVWANRWLF3N24KCMPOTYG2A,2015-06-14,East,35-44,Paid Search,0.0,Neutral / Nurture
C_2280907,1,12.54,4.0,0.75,2022-10-29,0.0,AHAEAFCDBBBD7QSNL3OIEFE2F2AQ,2021-10-14,West,35-44,Paid Search,0.0,Neutral / Nurture
C_9799551,1,12.46,1.0,-1.0,2022-09-10,1.0,AEZ26WGWJ3EOQ4KWSHG77HJAG4EA,2020-11-14,North,35-44,Referral,100.0,New At-Risk Customer
C_2284684,1,12.37,5.0,1.0,2019-04-22,0.0,AFDEH7TVRJ4GBWE76Z7RBSHQOC4A,2018-07-24,West,35-44,Social,0.0,Neutral / Nurture
C_8131196,1,12.36,5.0,1.0,2021-03-18,0.0,AEBDKPMDIM267M2A2JNR37RTNIRQ,2020-08-12,Central,18-24,Organic,0.0,Neutral / Nurture
C_3065342,1,12.29,3.0,0.25,2015-07-07,0.0,AF4NIQPIZQ3S3G6KEVQW33DNHZSQ,2014-02-27,North,35-44,Social,0.0,Neutral / Nurture
C_3643209,1,12.26,5.0,1.0,2020-10-06,0.0,AF6OCVGAI4ODVHGZ4FIPAU5IYCWA,2019-07-19,North,35-44,Social,0.0,Neutral / Nurture
C_1986956,1,12.23,5.0,1.0,2018-06-23,0.0,AFNUEZFQIFN6SFAWG6WLHR3IVLLQ,2018-04-14,Central,25-34,Referral,0.0,Neutral / Nurture
C_3727210,1,12.2,3.0,0.25,2020-07-25,0.0,AEUMYP5IWSQCLQRIAUKTWR2LZRSA,2020-02-17,West,35-44,Referral,0.0,Neutral / Nurture
C_4314047,1,12.13,4.0,0.5,2020-02-23,0.0,AGRXRS7Y7ALTQP4VVJEWEDWUKVFA,2019-07-28,South,35-44,Referral,0.0,Neutral / Nurture
C_4086070,1,11.93,5.0,1.0,2013-02-02,0.0,AF5YGFIDUL4PVHGLOLLCE2ZOZSCA,2011-04-02,South,45-54,Organic,0.0,Neutral / Nurture
C_2007613,1,11.88,4.0,0.5,2015-10-01,0.0,AEHVSZ72XXI4SU6XUNXMJAXUYN6Q,2015-02-24,South,25-34,Organic,0.0,Neutral / Nurture
C_6925480,1,11.86,5.0,1.0,2019-09-11,0.0,AH6ZNRRCEEWR6P34CNLQ2LRLUU3Q,2019-01-05,Central,18-24,Email,0.0,Neutral / Nurture
C_3323594,1,11.78,5.0,1.0,2018-04-11,0.0,AHF2OTODCQC4BETX7CHZMOHUBODQ,2017-05-10,West,35-44,Organic,0.0,Neutral / Nurture
C_4201257,1,11.49,5.0,1.0,2018-02-25,0.0,AGNUU3OZ4L7UGAXA72NJIDDFJYDQ,2016-11-08,East,35-44,Referral,0.0,Neutral / Nurture
C_4795673,1,11.47,2.0,-0.75,2018-07-31,0.0,AHVOLBWSTIHEM6VGNYMEQGVWR2YA,2016-12-26,South,35-44,Organic,0.0,New At-Risk Customer
C_3708225,1,11.38,5.0,1.0,2015-12-13,0.0,AFJ74T4L5ZMC7PCNN4C567JNFWWA,2015-01-25,West,18-24,Organic,0.0,Neutral / Nurture
C_9006282,1,11.36,1.0,-1.0,2020-03-16,0.0,AFXM3YJ4TA4ESZJWGYY65PDL5YNQ,2018-07-04,Central,18-24,Paid Search,0.0,New At-Risk Customer
C_9537824,1,11.26,1.0,-1.0,2022-04-01,0.0,AGVVUU3QRQBHNASSGI5YQLPYOI2Q,2021-03-10,North,45-54,Organic,0.0,New At-Risk Customer
C_5623494,1,11.21,5.0,1.0,2019-09-02,0.0,AHAHXJJYDAJSSAXO3OLJ3HGRCBPQ,2018-01-17,East,25-34,Organic,0.0,Neutral / Nurture
C_3874454,1,11.11,2.0,0.25,2022-02-23,0.0,AEJFGVOJDY43M34SKOQ73MR5LDOQ,2021-08-29,West,55+,Organic,0.0,Neutral / Nurture
C_3376984,1,11.09,5.0,1.0,2021-01-15,0.0,AH65KTF6RTJHRRSAQ62SCEO4YUAA,2020-08-03,East,18-24,Email,0.0,Neutral / Nurture
C_2014386,1,11.07,2.0,-0.5,2018-11-08,1.0,AFFFV4Y35FUSSYUMRHYV4P34X2MA,2017-12-27,North,35-44,Paid Search,100.0,New At-Risk Customer
C_0577271,1,10.81,5.0,1.0,2014-08-14,0.0,AEOVCZC77QZJQPBIAIKCFV7AS7PA,2013-12-02,South,45-54,Organic,0.0,Neutral / Nurture
C_9707742,1,10.78,3.0,0.0,2022-05-28,1.0,AGDOCJ45DHF6JVD23PLTNOH5BHHQ,2020-11-28,West,45-54,Social,100.0,Return-Risk Customer
C_5261200,1,10.6,5.0,1.0,2021-07-06,0.0,AEA2AYPIP3RN2YZWRNFKKD6OGGBA,2019-08-23,East,18-24,Paid Search,0.0,Neutral / Nurture
C_2077827,1,10.39,2.0,-0.5,2015-09-22,0.0,AGNFCXSJSYDHFRF4ZKIEDV3GVZFA,2013-12-27,West,45-54,Social,0.0,New At-Risk Customer
C_0905830,1,10.34,5.0,1.0,2018-04-15,0.0,AEALMYGML4SPUXDCK3RDDSXBIGUA,2016-09-10,West,35-44,Paid Search,0.0,Neutral / Nurture
C_1160421,1,10.29,1.0,-1.0,2015-05-11,1.0,AEZV3WDCDM6V4CJMN222D52REYYA,2013-06-22,South,45-54,Social,100.0,New At-Risk Customer
C_7294546,1,10.28,5.0,1.0,2020-08-17,0.0,AGVLLL3Z55OFM5JTJJWFJFQXPUGQ,2019-06-22,South,45-54,Organic,0.0,Neutral / Nurture
C_1283208,2,10.25,4.5,0.875,2020-02-28,0.0,AG4DEQCBVNCJPRHXC3S255BBJALQ,2018-09-13,North,55+,Paid Search,0.0,Neutral / Nurture
C_7945477,1,10.22,5.0,1.0,2020-09-28,0.0,AHPTMNP3Y4FGG7TX2SO6DQCVNHPQ,2020-01-01,West,25-34,Organic,0.0,Neutral / Nurture
C_7499576,1,10.1,5.0,1.0,2017-11-21,0.0,AEINWALDRYT4NTF3M5NC2WZ5YQNA,2017-07-14,North,25-34,Social,0.0,Neutral / Nurture
C_8729104,1,9.98,5.0,1.0,2016-09-22,0.0,AEX5IK5WUXIGLSWUWSNDYATYVQJA,2016-02-07,East,25-34,Email,0.0,Neutral / Nurture
C_6241138,1,9.78,5.0,1.0,2021-09-17,0.0,AHREXOGQPZDA6354MHH4ETSF3MCQ,2020-08-13,Central,25-34,Paid Search,0.0,Neutral / Nurture
C_1516906,1,9.74,3.0,0.0,2021-02-18,1.0,AEDKMXFNRORNCFUMIVSRCXZHQXQA,2020-05-18,South,18-24,Social,100.0,Return-Risk Customer
C_8241860,1,9.62,4.0,0.75,2017-07-20,0.0,AEE2PYYDXJGV6ZO3YHZBBEMSUG4Q,2015-09-06,South,45-54,Organic,0.0,Neutral / Nurture
C_3837939,1,9.49,5.0,1.0,2021-02-27,0.0,AHVCBFA26MVQML3Q3777WCGATSIQ,2019-08-25,West,45-54,Referral,0.0,Neutral / Nurture
C_7669949,1,9.48,5.0,1.0,2021-03-06,0.0,AGLYZN4FZXZUWA2UPAJDWIDHUXFA,2019-10-08,Central,35-44,Organic,0.0,Neutral / Nurture
C_2319927,1,9.31,2.0,-0.25,2016-11-24,0.0,AFRVV3L6CJUHLLKWA3PIG7JCYJQQ,2015-10-08,West,18-24,Social,0.0,New At-Risk Customer
C_3248344,1,9.23,5.0,1.0,2020-10-25,0.0,AHEQRHKGEACLR3RSXRQ7TUIXZGSQ,2020-01-25,East,25-34,Social,0.0,Neutral / Nurture
C_9587489,1,9.19,2.0,-0.25,2021-05-03,0.0,AE5QIQBWPOWOLRSFTK5CXI53EGEA,2019-09-04,North,18-24,Social,0.0,New At-Risk Customer
C_1234508,1,9.02,5.0,1.0,2019-12-28,0.0,AFTWZJUP2224KGWPBCBBLHS7573A,2019-11-26,East,35-44,Referral,0.0,Neutral / Nurture
C_3563738,1,8.99,2.0,-0.5,2020-01-24,0.0,AEWOCOJGLNR3RFQSR73J2KGY3ENQ,2018-09-21,East,18-24,Social,0.0,New At-Risk Customer
C_0915541,1,8.94,4.0,0.5,2020-10-23,0.0,AGOXD3ECHHH2XAFGO6TSSMRZJQVQ,2020-05-12,North,55+,Organic,0.0,Neutral / Nurture
C_7306796,1,8.84,5.0,1.0,2021-03-14,0.0,AHEVUFDDDQV4763ZYIA745KOXUUA,2020-11-01,East,35-44,Organic,0.0,Neutral / Nurture
C_1123644,1,8.76,2.0,-0.5,2021-05-18,0.0,AHZ6XMOLEWA67S3TX7IWEXXGWSOA,2021-02-17,South,18-24,Paid Search,0.0,New At-Risk Customer
C_1164579,1,8.72,5.0,1.0,2021-08-06,0.0,AFKJQMCY3HIYNHN3FEMLQXPGIPWA,2021-05-11,South,35-44,Paid Search,0.0,Neutral / Nurture
C_6550100,1,8.69,2.0,0.25,2021-02-22,0.0,AGW47FN4SDTHI2VLAZPPRTTJHVYQ,2020-04-23,North,45-54,Paid Search,0.0,Neutral / Nurture
C_0242097,1,8.59,3.0,0.25,2021-09-27,0.0,AEYVXZF5TQB7IGLLS3HJTDWLSKJQ,2021-06-12,South,45-54,Paid Search,0.0,Neutral / Nurture
C_7449925,1,8.53,1.0,-1.0,2019-12-06,0.0,AERRX357RLQ6SAUBH6HDYNGTXZ4A,2018-01-10,East,25-34,Paid Search,0.0,New At-Risk Customer
C_1863652,2,8.33,4.5,0.75,2020-12-25,0.0,AFKNVFEXRGUGJAGMENCOWLVDYVCQ,2020-09-09,West,45-54,Referral,0.0,Neutral / Nurture
C_1955902,1,8.29,4.0,0.75,2020-12-19,0.0,AFXPXKJ5MAQPX5NIXMU5C4ISAIGA,2020-07-13,West,18-24,Paid Search,0.0,Neutral / Nurture
C_2338461,1,8.01,2.0,-0.25,2019-04-01,0.0,AHTOYKLAV35TPN7AAWFB6Q5BIMYA,2018-02-02,East,55+,Organic,0.0,New At-Risk Customer
C_8904645,1,7.98,5.0,1.0,2020-01-28,0.0,AGGMDRXIZJHBVVQFKU2LJ3LGICTA,2018-05-06,East,45-54,Social,0.0,Neutral / Nurture
C_8624513,1,7.92,5.0,1.0,2020-01-09,0.0,AHPUT3ITXCHQJO7OMF74LEMYHIVA,2018-06-15,North,35-44,Organic,0.0,Neutral / Nurture
C_1137440,1,7.7,5.0,1.0,2014-01-17,0.0,AG3JVDYPQD5TEE7WCI5OK46MSMRA,2013-07-26,South,25-34,Social,0.0,Neutral / Nurture
C_3158217,1,7.61,3.0,0.0,2017-11-27,0.0,AEEZXJJJZMYYUHBQJ3E6Y5GYLD5Q,2017-06-17,South,45-54,Organic,0.0,Neutral / Nurture
C_9490668,1,7.47,3.0,0.0,2016-11-08,0.0,AGDTHJ7R5N2HOHYK4AACLB53BULA,2016-10-01,Central,45-54,Referral,0.0,Neutral / Nurture
C_3443107,1,7.17,3.0,0.25,2021-10-15,0.0,AEYORY2AVPMCPDV57CE337YU5LXA,2021-06-04,West,25-34,Social,0.0,Neutral / Nurture
C_0383048,1,7.06,3.0,0.0,2020-11-25,0.0,AFPV346BBPR4OSAIFCN5I7T7TP5A,2018-12-31,South,35-44,Social,0.0,Neutral / Nurture
C_7085206,1,7.0,5.0,1.0,2017-03-05,0.0,AEIY2WXJWZJSCUMR7S4F3AALGPEQ,2015-08-23,Central,35-44,Referral,0.0,Neutral / Nurture
C_2944662,1,6.94,5.0,1.0,2020-02-11,0.0,AHTVQZZNC6IVALR2CU2JCAG7FZIA,2019-03-07,North,55+,Organic,0.0,Neutral / Nurture
C_9719844,1,6.9,5.0,1.0,2019-11-30,0.0,AFMKRGS25NE4HPMVPBDC6M2BKUYA,2019-07-15,West,25-34,Paid Search,0.0,Neutral / Nurture
C_9010021,1,6.88,4.0,0.5,2021-07-20,0.0,AHTMAPDOHUZ225CTU4K2E3BFBPBQ,2020-02-29,South,18-24,Email,0.0,Neutral / Nurture
C_5846434,1,6.86,4.0,0.5,2020-08-27,0.0,AGMJ3EMDVL6OWBJF7CA5RGJLXN5A,2020-06-14,West,35-44,Email,0.0,Neutral / Nurture
C_4100374,1,6.7,1.0,-1.0,2023-02-12,0.0,AFH7ZT2NJSHDKJ43IODXCE6RHWVA,2022-08-21,North,45-54,Referral,0.0,New At-Risk Customer
C_6368568,1,6.65,5.0,1.0,2022-01-22,0.0,AGO73GPAF65RB7XZGZL5L3QVY2JA,2021-03-27,South,25-34,Referral,0.0,Neutral / Nurture
C_4991375,1,6.52,5.0,1.0,2015-11-12,0.0,AGCUONI7ZAZ4SCQWIUQCV7LRU7VQ,2015-07-09,West,18-24,Referral,0.0,Neutral / Nurture
C_2555601,1,6.43,3.0,0.0,2023-02-13,0.0,AF5HMGO6S5NUN4QR3DJBP6ZVIEIA,2021-09-21,West,45-54,Paid Search,0.0,Neutral / Nurture
C_7524280,1,6.33,3.0,0.25,2021-12-12,0.0,AENWOKSUWWPH7FNTRNP6GPGTHRUA,2021-04-15,North,35-44,Social,0.0,Neutral / Nurture
C_2907499,1,6.21,3.0,0.0,2015-02-10,1.0,AGYU3KLQWZIUYKAXV7YARVZGUI2Q,2013-11-01,South,25-34,Email,100.0,Return-Risk Customer
C_1037916,1,6.19,5.0,1.0,2019-02-04,0.0,AGQCFT47KDI77JKRSOMAK34MJPAQ,2017-06-18,South,25-34,Social,0.0,Neutral / Nurture
C_4328434,1,5.95,5.0,1.0,2016-11-26,1.0,AHQKDADRWYPGGJFCUD3WI4ANDQXQ,2015-01-11,East,45-54,Social,100.0,Return-Risk Customer
C_0492196,1,5.81,5.0,1.0,2017-11-11,0.0,AGAPXZJESA3RADJKPXMASS2TT5QA,2017-07-06,West,45-54,Organic,0.0,Neutral / Nurture
C_1393367,1,5.2,3.0,0.25,2021-11-04,0.0,AGXHD5W7H56U5PYVKV677VFNYQRA,2021-01-15,North,45-54,Social,0.0,Neutral / Nurture
C_4190551,1,4.7,5.0,1.0,2020-05-26,0.0,AES57JTXM7IOKT74AXQSNL5NNMFQ,2019-12-09,North,25-34,Referral,0.0,Neutral / Nurture
C_2370130,1,4.59,5.0,1.0,2018-03-15,0.0,AFQ4A4DZ6PYJYZJXKXCNEONVD24A,2016-07-12,North,25-34,Social,0.0,Neutral / Nurture
C_9035794,1,4.57,5.0,1.0,2019-11-28,0.0,AE6ZACCQOGZIDDWM4TZPAEKUJRHA,2018-10-18,Central,25-34,Paid Search,0.0,Neutral / Nurture
C_8355308,1,3.39,5.0,1.0,2023-02-13,0.0,AHCNFZOIVLKA3FV54MREJJMSDHFA,2022-05-22,Central,18-24,Paid Search,0.0,Neutral / Nurture
C_0547869,1,3.3,5.0,1.0,2018-04-20,0.0,AE5LTGA5XU7NVIGVQKDQ6N2Z7GRQ,2018-03-01,West,18-24,Referral,0.0,Neutral / Nurture
